select * from DANHSACHPHONG

DELETE FROM DSDICHVU WHERE MADV='XC'
insert into danhsachphong values('101','VIP','500','TRONG')
insert into danhsachphong values('102','VIP','500','TRONG')
insert into danhsachphong values('103','VIP','500','TRONG')
insert into danhsachphong values('104','VIP','500','TRONG')
insert into danhsachphong values('105','VIP','500','TRONG')
insert into danhsachphong values('106','VIP','500','TRONG')
insert into danhsachphong values('107','VIP','500','TRONG')
insert into danhsachphong values('108','VIP','500','TRONG')
insert into danhsachphong values('109','VIP','500','TRONG')

insert into danhsachphong values('201','VIP','500','TRONG')
insert into danhsachphong values('202','VIP','500','TRONG')
insert into danhsachphong values('203','VIP','500','TRONG')
insert into danhsachphong values('204','VIP','500','TRONG')
insert into danhsachphong values('205','VIP','500','TRONG')
insert into danhsachphong values('206','VIP','500','TRONG')
insert into danhsachphong values('207','VIP','500','TRONG')
insert into danhsachphong values('208','VIP','500','TRONG')
insert into danhsachphong values('209','VIP','500','TRONG')
insert into danhsachphong values('210','VIP','500','TRONG')


insert into danhsachphong values('301','THUONG','300','TRONG')
insert into danhsachphong values('302','THUONG','300','TRONG')
insert into danhsachphong values('303','THUONG','300','TRONG')
insert into danhsachphong values('304','THUONG','300','TRONG')
insert into danhsachphong values('305','THUONG','300','TRONG')
insert into danhsachphong values('306','THUONG','300','TRONG')
insert into danhsachphong values('307','THUONG','300','TRONG')
insert into danhsachphong values('308','THUONG','300','TRONG')
insert into danhsachphong values('309','THUONG','300','TRONG')
insert into danhsachphong values('310','THUONG','300','TRONG')


insert into danhsachphong values('401','BINH DAN','200','TRONG')
insert into danhsachphong values('402','BINH DAN','200','TRONG')
insert into danhsachphong values('403','BINH DAN','200','TRONG')
insert into danhsachphong values('404','BINH DAN','200','TRONG')
insert into danhsachphong values('405','BINH DAN','200','TRONG')
insert into danhsachphong values('406','BINH DAN','200','TRONG')
insert into danhsachphong values('407','BINH DAN','200','TRONG')
insert into danhsachphong values('408','BINH DAN','200','TRONG')
insert into danhsachphong values('409','BINH DAN','200','TRONG')
insert into danhsachphong values('410','BINH DAN','200','TRONG')


insert into dsdichvu values('TX','THUE XE','GIO',300)
insert into dsdichvu values('AU','AN UONG','BUA',30)
insert into dsdichvu values('DT','DIEN THOAI','PHUT',2)
insert into dsdichvu values('GU','GIAT UI','KG',5)
SELECT * FROM DSDICHVU
 
SELECT * FROM KHACHHANG



DELETE FROM KHACHHANG WHERE QUOCTICH='ENGLAND'
insert into khachhang values ('KH01','NGUYEN VAN A','KTXDHQG TPHCM','12333400','303490938','VIET NAM')
insert into khachhang values ('KH02','NGUYEN HONG VIET','315,KTXDHQG TPHCM','12452626','15154623','VIET NAM')
insert into khachhang values ('KH03','MY NU','TAM QUAN,BINH DINH','7894560','3132338','VIET NAM')
insert into khachhang values ('KH04','NGOC HUYEN','QUI NHON,BINH DINH','14632200','32465838','VIET NAM')
insert into khachhang values ('KH05','RIO FEDINAND','MANCHESTER','4657981','65797464','ENGLAND')
insert into khachhang values ('KH06','VANDESAR','ROTTEXDAM','65464897','461798223','HOLLAND')
insert into khachhang values ('KH07','LY LIEN KIET','321 ,BAC KINH','13465748','4867938','CHINA')
insert into khachhang values ('KH08','KIATISAD','312 ,BANGKOD','7654310','346798','THAILAND')

SELECT * FROM DANGKI
insert into dangki values('1006','6/10/2008','KH01','6/10/2008','6/15/2008','101',1,500,'NGUYEN VAN A')
insert into dangki values('1106','6/11/2008','KH02','6/11/2008','6/17/2008','107',1,500,'NGUYEN HONG VIET')
insert into dangki values('1206','6/12/2008','KH03','6/12/2008','6/19/2008','201',1,500,'MY NU')
insert into dangki values('1306','6/13/2008','KH06','6/13/2008','6/23/2008','303',1,500,'VANDESAR')
insert into dangki values('1406','6/14/2008','KH07','6/14/2008','6/24/2008','403',1,500,'LY LIEN KIET')
insert into dangki values('1506','6/15/2008','KH08','6/15/2008','6/25/2008','405',1,500,'KIATISAD')
 
SELECT * FROM NHANPHONG
insert into nhanphong values('1006','KH01','NGUYEN VAN A','101','6/10/2008')
insert into nhanphong values('1206','KH03','MY NU','201','6/12/2008')
insert into nhanphong values('1406','KH07','LY LIEN KIET','403','6/14/2008')
insert into nhanphong values('1506','KH08','KIATISAD','405','6/15/2008')

SELECT * FROM TRAPHONG
insert into traphong values('1006','KH01','NGUYEN VAN A','101','6/10/2008','6/15/2008')
insert into traphong values('1206','KH03','MY NU','201','6/12/2008','6/22/2008')
insert into traphong values('1406','KH07','LY LIEN KIET','403','6/14/2008','6/24/2008')
insert into traphong values('1506','KH08','KIATISAD','405','6/15/2008','6/29/2008')

select * from hdphong
insert into hdphong values('HD01','1006','KH01','NGUYEN VAN A','VIET NAM','101',2,5,500,5000,500,0,5500,500,5000)
insert into hdphong values('HD02','1206','KH03','MY NU','VIET NAM','201',1,10,500,5000,0,0,5000,500,4500)
insert into hdphong values('HD03','1406','KH07','LY LIEN KIET','CHINA','403',3,5,200,3000,1000,1500,5500,500,5000)
insert into hdphong values('HD04','1506','KH08','KIATISAD','THAI LAND','405',2,5,500,5000,500,0,5500,500,5000)

SELECT * FROM HDDICHVU
drop table hddichvu
CREATE TABLE HDDICHVU
(
	
	SOHD VARCHAR (20) FOREIGN KEY REFERENCES HDPHONG(SOHD),
	SODK VARCHAR(20)FOREIGN KEY REFERENCES DANGKI(SODK),
	MADV    VARCHAR(50)FOREIGN KEY REFERENCES DSDICHVU(MADV),
	TENDV VARCHAR(50),
	MAKH VARCHAR(20)FOREIGN KEY REFERENCES KHACHHANG(MAKH),
	HOTEN VARCHAR(50),
	PHONG VARCHAR(50)FOREIGN KEY REFERENCES DANHSACHPHONG(PHONG),
	NGAYSD	SMALLDATETIME,
	SL INT,
	DONGIA INT,
	MUCGIAM VARCHAR(20),
	TOTAL INT,
	DUATRUOC INT,
	CONLAI INT,
	CONSTRAINT PK_SOHD PRIMARY KEY(SOHD),
	
	

insert into hddichvu values('HD01','1006','DT','DIEN THOAI','KH01','NGUYEN VAN A','101','6/12/2008',250,2,0.05,500,200,300)
insert into hddichvu values('HD03','1406','GU','GIAT UI','KH07','LY LIEN KIET','403','6/20/2008',7,3,0,21,6,15)
insert into hddichvu values('HD04','1506','TX','THUE XE','KH08','KIATISAD','405','6/12/2008',10,300,0.05,3000,500,2500)